学,数值分析,浙江大学,2018,张三,30.00,30,30
学,数值分析,浙江大学,2018,张三,30.00,30,30
学,数值分析,浙江大学,2018,张三,30.00,30,30
学,数值分析,浙江大学,2018,张三,30.00,30,30
学,数值分析,浙江大学,2018,张三,30.00,30,30
学,数值分析,浙江大学,2018,张三,30.00,30,30
学,数值分析,浙江大学,2018,张三,30.00,30,30
学,数值分析,浙江大学,2018,张三,30.00,30,30
学,数值分析,浙江大学,2018,张三,30.00,30,30
学,数值分析,浙江大学,2018,张三,30.00,30,30
学,数值分析,浙江大学,2018,张三,30.00,30,30
学,数值分析,浙江大学,2018,张三,30.00,30,30
学,数值分析,浙江大学,2018,张三,30.00,30,30
学,数值分析,浙江大学,2018,张三,30.00,30,30
学,数值分析,浙江大学,2018,张三,30.00,30,30
学,数值分析,浙江大学,2018,张三,30.00,30,30
学,数值分析,浙江大学,2018,张三,30.00,30,30
学,数值分析,浙江大学,2018,张三,30.00,30,30
学,数值分析,浙江大学,2018,张三,30.00,30,30
学,数值分析,浙江大学,2018,张三,30.00,30,30
学,数值分析,浙江大学,2018,张三,30.00,30,30
学,数值分析,浙江大学,2018,张三,30.00,30,30
学,数值分析,浙江大学,2018,张三,30.00,30,30
学,数值分析,浙江大学,2018,张三,30.00,30,30
学,数值分析,浙江大学,2018,张三,30.00,30,30
学,数值分析,浙江大学,2018,张三,30.00,30,30
学,数值分析,浙江大学,2018,张三,30.00,30,30
学,数值分析,浙江大学,2018,张三,30.00,30,30
学,数值分析,浙江大学,2018,张三,30.00,30,30
学,数值分析,浙江大学,2018,张三,30.00,30,30
学,数值分析,浙江大学,2018,张三,30.00,30,30
学,数值分析,浙江大学,2018,张三,30.00,30,30
学,数值分析,浙江大学,2018,张三,30.00,30,30
学,数值分析,浙江大学,2018,张三,30.00,30,30
学,数值分析,浙江大学,2018,张三,30.00,30,30
学,数值分析,浙江大学,2018,张三,30.00,30,30
学,数值分析,浙江大学,2018,张三,30.00,30,30
学,数值分析,浙江大学,2018,张三,30.00,30,30
学,数值分析,浙江大学,2018,张三,30.00,30,30
学,数值分析,浙江大学,2018,张三,30.00,30,30
学,数值分析,浙江大学,2018,张三,30.00,30,30
学,数值分析,浙江大学,2018,张三,30.00,30,30
学,数值分析,浙江大学,2018,张三,30.00,30,30
学,数值分析,浙江大学,2018,张三,30.00,30,30
学,数值分析,浙江大学,2018,张三,30.00,30,30
学,数值分析,浙江大学,2018,张三,30.00,30,30
学,数值分析,浙江大学,2018,张三,30.00,30,30
学,数值分析,浙江大学,2018,张三,30.00,30,30
学,数值分析,浙江大学,2018,张三,30.00,30,30
学,数值分析,浙江大学,2018,张三,30.00,30,30
学,数值分析,浙江大学,2018,张三,30.00,30,30
学,数值分析,浙江大学,2018,张三,30.00,30,30
学,数值分析,浙江大学,2018,张三,30.00,30,30
学,数值分析,浙江大学,2018,张三,30.00,30,30
学,数值分析,浙江大学,2018,张三,30.00,30,30
学,数值分析,浙江大学,2018,张三,30.00,30,30
学,数值分析,浙江大学,2018,张三,30.00,30,30
学,数值分析,浙江大学,2018,张三,30.00,30,30
学,数值分析,浙江大学,2018,张三,30.00,30,30
学,数值分析,浙江大学,2018,张三,30.00,30,30
学,数值分析,浙江大学,2018,张三,30.00,30,30
学,数值分析,浙江大学,2018,张三,30.00,30,30
学,数值分析,浙江大学,2018,张三,30.00,30,30
学,数值分析,浙江大学,2018,张三,30.00,30,30
学,数值分析,浙江大学,2018,张三,30.00,30,30
学,数值分析,浙江大学,2018,张三,30.00,30,30
学,数值分析,浙江大学,2018,张三,30.00,30,30
学,数值分析,浙江大学,2018,张三,30.00,30,30
学,数值分析,浙江大学,2018,张三,30.00,30,30
学,数值分析,浙江大学,2018,张三,30.00,30,30
学,数值分析,浙江大学,2018,张三,30.00,30,30
学,数值分析,浙江大学,2018,张三,30.00,30,30
学,数值分析,浙江大学,2018,张三,30.00,30,30
学,数值分析,浙江大学,2018,张三,30.00,30,30
学,数值分析,浙江大学,2018,张三,30.00,30,30
学,数值分析,浙江大学,2018,张三,30.00,30,30
学,数值分析,浙江大学,2018,张三,30.00,30,30
学,数值分析,浙江大学,2018,张三,30.00,30,30
学,数值分析,浙江大学,2018,张三,30.00,30,30
学,数值分析,浙江大学,2018,张三,30.00,30,30
学,数值分析,浙江大学,2018,张三,30.00,30,30
学,数值分析,浙江大学,2018,张三,30.00,30,30
学,数值分析,浙江大学,2018,张三,30.00,30,30
学,数值分析,浙江大学,2018,张三,30.00,30,30
学,数值分析,浙江大学,2018,张三,30.00,30,30
学,数值分析,浙江大学,2018,张三,30.00,30,30
学,数值分析,浙江大学,2018,张三,30.00,30,30
学,数值分析,浙江大学,2018,张三,30.00,30,30
学,数值分析,浙江大学,2018,张三,30.00,30,30
学,数值分析,浙江大学,2018,张三,30.00,30,30
学,数值分析,浙江大学,2018,张三,30.00,30,30
学,数值分析,浙江大学,2018,张三,30.00,30,30
学,数值分析,浙江大学,2018,张三,30.00,30,30
学,数值分析,浙江大学,2018,张三,30.00,30,30
学,数值分析,浙江大学,2018,张三,30.00,30,30
学,数值分析,浙江大学,2018,张三,30.00,30,30
学,数值分析,浙江大学,2018,张三,30.00,30,30
学,数值分析,浙江大学,2018,张三,30.00,30,30
学,数值分析,浙江大学,2018,张三,30.00,30,30
学,数值分析,浙江大学,2018,张三,30.00,30,30
学,数值分析,浙江大学,2018,张三,30.00,30,30
